{
  "mae": 7.236316680908203,
  "rmse": 10.80503208055019,
  "r2": 0.4815845489501953,
  "accuracy_1h": 11.299852289512554,
  "accuracy_2h": 22.968980797636632
}