{
  "mae": 6.555292129516602,
  "rmse": 9.80871314580359,
  "r2": 0.5727816820144653,
  "accuracy_1h": 10.709010339734121,
  "accuracy_2h": 23.042836041358935
}