{
  "n_test_total": 3885,
  "n_common_valid": 2883,
  "common_coverage_pct": 74.21,
  "vs_measured": {
    "per_method_native_coverage": {
      "tinyml": {
        "coverage_pct": 100.0,
        "n": 3885,
        "mae_h": 7.715452194213867,
        "rmse_h": 8.811580657958984,
        "me_h": 7.715452194213867,
        "c_index": 0.5257296713580648,
        "acc_within_1h": 0.030373230373230375,
        "acc_within_2h": 0.138996138996139
      },
      "random_forest": {
        "coverage_pct": 100.0,
        "n": 3885,
        "mae_h": 7.991771221160889,
        "rmse_h": 9.506891250610352,
        "me_h": 7.991771221160889,
        "c_index": 0.47408628163632993,
        "acc_within_1h": 0.043243243243243246,
        "acc_within_2h": 0.15727155727155728
      },
      "mean_const": {
        "coverage_pct": 100.0,
        "n": 3885,
        "mae_h": 10.073975563049316,
        "rmse_h": 10.164764404296875,
        "me_h": 10.073975563049316,
        "c_index": 0.5,
        "acc_within_1h": 0.0,
        "acc_within_2h": 0.0
      },
      "linear": {
        "coverage_pct": 77.2,
        "n": 2998,
        "mae_h": 3.3668618202209473,
        "rmse_h": 4.734584331512451,
        "me_h": 3.2612462043762207,
        "c_index": 0.5791282665297273,
        "acc_within_1h": 0.2645096731154103,
        "acc_within_2h": 0.45196797865243493
      },
      "exponential": {
        "coverage_pct": 74.9,
        "n": 2911,
        "mae_h": 4.067052841186523,
        "rmse_h": 6.435527324676514,
        "me_h": 3.9999380111694336,
        "c_index": 0.573150176637983,
        "acc_within_1h": 0.23497080041222948,
        "acc_within_2h": 0.44245963586396425
      },
      "google": {
        "coverage_pct": 94.9,
        "n": 3686,
        "mae_h": 3.037886619567871,
        "rmse_h": 4.594041347503662,
        "me_h": 2.8986191749572754,
        "c_index": 0.5770827873591386,
        "acc_within_1h": 0.33884970157352146,
        "acc_within_2h": 0.5548019533369506
      }
    },
    "common_subset": {
      "tinyml": {
        "n": 2883,
        "mae_h": 7.424141883850098,
        "mae_h_ci95": [
          7.2754467010498045,
          7.5690510988235475
        ],
        "rmse_h": 8.462178230285645,
        "rmse_h_ci95": [
          8.328569912910462,
          8.592761683464051
        ],
        "me_h": 7.424141883850098,
        "me_h_ci95": [
          7.2754467010498045,
          7.5690510988235475
        ],
        "c_index": 0.5011848891668274,
        "c_index_ci95": [
          0.4909022921677343,
          0.5118455231070315
        ],
        "acc_within_1h": 0.030870620881026708,
        "acc_within_2h": 0.13631633714880334
      },
      "random_forest": {
        "n": 2883,
        "mae_h": 7.225009918212891,
        "mae_h_ci95": [
          7.057148599624634,
          7.393370068073272
        ],
        "rmse_h": 8.604114532470703,
        "rmse_h_ci95": [
          8.42948021888733,
          8.793483090400695
        ],
        "me_h": 7.225009918212891,
        "me_h_ci95": [
          7.057148599624634,
          7.393370068073272
        ],
        "c_index": 0.4482137840942982,
        "c_index_ci95": [
          0.4378423226455679,
          0.4572059575051959
        ],
        "acc_within_1h": 0.05133541449878599,
        "acc_within_2h": 0.17377731529656607
      },
      "mean_const": {
        "n": 2883,
        "mae_h": 10.039372444152832,
        "mae_h_ci95": [
          9.990668487548827,
          10.089498829841613
        ],
        "rmse_h": 10.133096694946289,
        "rmse_h_ci95": [
          10.09148666858673,
          10.176029253005982
        ],
        "me_h": 10.039372444152832,
        "me_h_ci95": [
          9.990668487548827,
          10.089498829841613
        ],
        "c_index": 0.5,
        "c_index_ci95": [
          0.5,
          0.5
        ],
        "acc_within_1h": 0.0,
        "acc_within_2h": 0.0
      },
      "linear": {
        "n": 2883,
        "mae_h": 3.3333370685577393,
        "mae_h_ci95": [
          3.2106232702732087,
          3.452324187755585
        ],
        "rmse_h": 4.704687118530273,
        "rmse_h_ci95": [
          4.529965472221375,
          4.887837982177734
        ],
        "me_h": 3.225942373275757,
        "me_h_ci95": [
          3.098605513572693,
          3.3492882907390595
        ],
        "c_index": 0.5796911079995485,
        "c_index_ci95": [
          0.5693149893323425,
          0.5898264063881168
        ],
        "acc_within_1h": 0.2663891779396462,
        "acc_within_2h": 0.4582032604925425
      },
      "exponential": {
        "n": 2883,
        "mae_h": 4.086742401123047,
        "mae_h_ci95": [
          3.9068007826805116,
          4.276979112625122
        ],
        "rmse_h": 6.458687782287598,
        "rmse_h_ci95": [
          6.031629693508148,
          6.935830545425414
        ],
        "me_h": 4.020956516265869,
        "me_h_ci95": [
          3.840103018283844,
          4.214696621894836
        ],
        "c_index": 0.571946061004762,
        "c_index_ci95": [
          0.5616688164521297,
          0.5820031861551427
        ],
        "acc_within_1h": 0.23309053069719043,
        "acc_within_2h": 0.4394727714186611
      },
      "google": {
        "n": 2883,
        "mae_h": 3.2778773307800293,
        "mae_h_ci95": [
          3.1550101161003115,
          3.408441334962845
        ],
        "rmse_h": 4.772351264953613,
        "rmse_h_ci95": [
          4.555496072769165,
          4.986768651008606
        ],
        "me_h": 3.2458672523498535,
        "me_h_ci95": [
          3.1224025309085848,
          3.3750475883483886
        ],
        "c_index": 0.5763984520497198,
        "c_index_ci95": [
          0.5660930329272126,
          0.5851851908621952
        ],
        "acc_within_1h": 0.2726326742976067,
        "acc_within_2h": 0.5157821713492889
      }
    }
  },
  "vs_extrapolated_caveat": {
    "_note": "y_extrap = Trainings-Target des TinyML-Modells. Vergleich hier zeigt zirkulaeren Bias des TinyML-Modells.",
    "per_method_native_coverage": {
      "tinyml": {
        "coverage_pct": 100.0,
        "n": 3885,
        "mae_h": 5.148970127105713,
        "rmse_h": 9.064950942993164,
        "me_h": 1.1393382549285889,
        "c_index": 0.6514397262663622,
        "acc_within_1h": 0.21081081081081082,
        "acc_within_2h": 0.4
      },
      "random_forest": {
        "coverage_pct": 100.0,
        "n": 3885,
        "mae_h": 4.73658561706543,
        "rmse_h": 8.532910346984863,
        "me_h": 1.4156574010849,
        "c_index": 0.6842102630909304,
        "acc_within_1h": 0.27953667953667954,
        "acc_within_2h": 0.4383526383526384
      },
      "mean_const": {
        "coverage_pct": 100.0,
        "n": 3885,
        "mae_h": 6.802096366882324,
        "rmse_h": 9.741449356079102,
        "me_h": 3.497861385345459,
        "c_index": 0.5,
        "acc_within_1h": 0.09626769626769627,
        "acc_within_2h": 0.19871299871299872
      },
      "linear": {
        "coverage_pct": 77.2,
        "n": 2998,
        "mae_h": 3.2817811965942383,
        "rmse_h": 8.482926368713379,
        "me_h": -2.3786849975585938,
        "c_index": 0.7703117838763825,
        "acc_within_1h": 0.3672448298865911,
        "acc_within_2h": 0.57104736490994
      },
      "exponential": {
        "coverage_pct": 74.9,
        "n": 2911,
        "mae_h": 3.6400508880615234,
        "rmse_h": 9.066150665283203,
        "me_h": -1.6228766441345215,
        "c_index": 0.7663881874770541,
        "acc_within_1h": 0.3751288217107523,
        "acc_within_2h": 0.5874270010305737
      },
      "google": {
        "coverage_pct": 94.9,
        "n": 3686,
        "mae_h": 4.630693435668945,
        "rmse_h": 10.522261619567871,
        "me_h": -3.7896764278411865,
        "c_index": 0.6811553656221843,
        "acc_within_1h": 0.3217580032555616,
        "acc_within_2h": 0.4991861096039067
      }
    },