{
  "n_test_total": 3885,
  "n_common_valid": 2827,
  "common_coverage_pct": 72.77,
  "vs_measured": {
    "per_method_native_coverage": {
      "tinyml": {
        "coverage_pct": 100.0,
        "n": 3885,
        "mae_h": 7.4116411209106445,
        "rmse_h": 8.582352638244629,
        "me_h": 7.4106645584106445,
        "c_index": 0.5249421702302768,
        "acc_within_1h": 0.08314028314028314,
        "acc_within_2h": 0.16396396396396395
      },
      "random_forest": {
        "coverage_pct": 100.0,
        "n": 3885,
        "mae_h": 7.970624923706055,
        "rmse_h": 9.52658748626709,
        "me_h": 7.970624923706055,
        "c_index": 0.471946335093983,
        "acc_within_1h": 0.05868725868725869,
        "acc_within_2h": 0.16396396396396395
      },
      "mean_const": {
        "coverage_pct": 100.0,
        "n": 3885,
        "mae_h": 10.073975563049316,
        "rmse_h": 10.164764404296875,
        "me_h": 10.073975563049316,
        "c_index": 0.5,
        "acc_within_1h": 0.0,
        "acc_within_2h": 0.0
      },
      "linear": {
        "coverage_pct": 77.2,
        "n": 2998,
        "mae_h": 3.3668618202209473,
        "rmse_h": 4.734584331512451,
        "me_h": 3.2612462043762207,
        "c_index": 0.5791282665297273,
        "acc_within_1h": 0.2645096731154103,
        "acc_within_2h": 0.45196797865243493
      },
      "exponential": {
        "coverage_pct": 74.9,
        "n": 2911,
        "mae_h": 4.068548679351807,
        "rmse_h": 6.403484344482422,
        "me_h": 4.001464366912842,
        "c_index": 0.5724711539301508,
        "acc_within_1h": 0.23531432497423566,
        "acc_within_2h": 0.44314668498797666
      },
      "google": {
        "coverage_pct": 83.9,
        "n": 3258,
        "mae_h": 3.369298219680786,
        "rmse_h": 4.881350994110107,
        "me_h": 3.3470802307128906,
        "c_index": 0.5689789730372411,
        "acc_within_1h": 0.26795580110497236,
        "acc_within_2h": 0.496316758747698
      }
    },
    "common_subset": {
      "tinyml": {
        "n": 2827,
        "mae_h": 6.9985504150390625,
        "mae_h_ci95": [
          6.847294116020203,
          7.139506137371063
        ],
        "rmse_h": 8.112639427185059,
        "rmse_h_ci95": [
          7.972107517719269,
          8.242451930046082
        ],
        "me_h": 6.9972076416015625,
        "me_h_ci95": [
          6.8462400197982785,
          7.138555896282196
        ],
        "c_index": 0.5042902257954285,
        "c_index_ci95": [
          0.4921808872525793,
          0.51681250995121
        ],
        "acc_within_1h": 0.0951538733639901,
        "acc_within_2h": 0.1591793420587195
      },
      "random_forest": {
        "n": 2827,
        "mae_h": 7.031679630279541,
        "mae_h_ci95": [
          6.868143057823181,
          7.208276176452637
        ],
        "rmse_h": 8.408280372619629,
        "rmse_h_ci95": [
          8.236868333816528,
          8.60434811115265
        ],
        "me_h": 7.031679630279541,
        "me_h_ci95": [
          6.868143057823181,
          7.208276176452637
        ],
        "c_index": 0.44985824418050113,
        "c_index_ci95": [
          0.44054880254543105,
          0.4593933870783621
        ],
        "acc_within_1h": 0.07286876547576937,
        "acc_within_2h": 0.18464803678811462
      },
      "mean_const": {
        "n": 2827,
        "mae_h": 10.0247802734375,
        "mae_h_ci95": [
          9.976242303848267,
          10.074897265434265
        ],
        "rmse_h": 10.119843482971191,
        "rmse_h_ci95": [
          10.077840518951415,
          10.163194680213929
        ],
        "me_h": 10.0247802734375,
        "me_h_ci95": [
          9.976242303848267,
          10.074897265434265
        ],
        "c_index": 0.5,
        "c_index_ci95": [
          0.5,
          0.5
        ],
        "acc_within_1h": 0.0,
        "acc_within_2h": 0.0
      },
      "linear": {
        "n": 2827,
        "mae_h": 3.2002439498901367,
        "mae_h_ci95": [
          3.0862815618515014,
          3.314878672361374
        ],
        "rmse_h": 4.499825954437256,
        "rmse_h_ci95": [
          4.317679035663605,
          4.673153722286225
        ],
        "me_h": 3.090721845626831,
        "me_h_ci95": [
          2.975683331489563,
          3.2097570836544036
        ],
        "c_index": 0.5884238380090849,
        "c_index_ci95": [
          0.5772206386909854,
          0.5979286126272907
        ],
        "acc_within_1h": 0.27166607711354795,
        "acc_within_2h": 0.4672798019101521
      },
      "exponential": {
        "n": 2827,
        "mae_h": 3.8922948837280273,
        "mae_h_ci95": [
          3.727667140960693,
          4.047507655620575
        ],
        "rmse_h": 6.034940719604492,
        "rmse_h_ci95": [
          5.649296379089355,
          6.413583087921142
        ],
        "me_h": 3.8252370357513428,
        "me_h_ci95": [
          3.6564980864524843,
          3.9863349556922913
        ],
        "c_index": 0.579075464164254,
        "c_index_ci95": [
          0.5672992663263251,
          0.589481837085366
        ],
        "acc_within_1h": 0.23806154934559604,
        "acc_within_2h": 0.44888574460558894
      },
      "google": {
        "n": 2827,
        "mae_h": 3.334758758544922,
        "mae_h_ci95": [
          3.199237221479416,
          3.46286404132843
        ],
        "rmse_h": 4.8188276290893555,
        "rmse_h_ci95": [
          4.59790745973587,
          5.025372743606567
        ],
        "me_h": 3.318214178085327,
        "me_h_ci95": [
          3.1815077900886535,
          3.4467652678489684
        ],
        "c_index": 0.5724113760140391,
        "c_index_ci95": [
          0.5623820650195521,
          0.5816035744352859
        ],
        "acc_within_1h": 0.2596391934913336,
        "acc_within_2h": 0.506190307746728
      }
    }
  },
  "vs_extrapolated_caveat": {
    "_note": "y_extrap = Trainings-Target des TinyML-Modells. Vergleich hier zeigt zirkulaeren Bias des TinyML-Modells.",
    "per_method_native_coverage": {
      "tinyml": {
        "coverage_pct": 100.0,
        "n": 3885,
        "mae_h": 4.967447757720947,
        "rmse_h": 9.033625602722168,
        "me_h": 0.834550678730011,
        "c_index": 0.6590659663818476,
        "acc_within_1h": 0.25637065637065637,
        "acc_within_2h": 0.45225225225225224
      },
      "random_forest": {
        "coverage_pct": 100.0,
        "n": 3885,
        "mae_h": 4.747989654541016,
        "rmse_h": 8.517627716064453,
        "me_h": 1.394511103630066,
        "c_index": 0.683257420687823,
        "acc_within_1h": 0.279021879021879,
        "acc_within_2h": 0.4205920205920206
      },
      "mean_const": {
        "coverage_pct": 100.0,
        "n": 3885,
        "mae_h": 6.802096366882324,
        "rmse_h": 9.741449356079102,
        "me_h": 3.497861385345459,
        "c_index": 0.5,
        "acc_within_1h": 0.09626769626769627,
        "acc_within_2h": 0.19871299871299872
      },
      "linear": {
        "coverage_pct": 77.2,
        "n": 2998,
        "mae_h": 3.2817811965942383,
        "rmse_h": 8.482926368713379,
        "me_h": -2.3786849975585938,
        "c_index": 0.7703117838763825,
        "acc_within_1h": 0.3672448298865911,
        "acc_within_2h": 0.57104736490994
      },
      "exponential": {
        "coverage_pct": 74.9,
        "n": 2911,
        "mae_h": 3.6378157138824463,
        "rmse_h": 9.040162086486816,
        "me_h": -1.6213501691818237,
        "c_index": 0.7664613782772066,
        "acc_within_1h": 0.3740982480247338,
        "acc_within_2h": 0.5850223290965304
      },
      "google": {
        "coverage_pct": 83.9,