{
  "_meta": {
    "n_test": 3885,
    "y_real_mean_h": 1.1084485054016113,
    "y_extrap_mean_h": 7.684562683105469,
    "segment_length_mean_h": 2.250818967819214,
    "segment_length_max_h": 6.444553375244141
  },
  "by_battery_level_vs_extrap": {
    "battery_0_25": {
      "_label": "battery_0_25",
      "_n": 628,
      "tinyml": {
        "n": 628,
        "mae_h": 1.9228334426879883,
        "rmse_h": 2.657597064971924,
        "me_h": -1.1169415712356567,
        "c_index": 0.5473541990471257,
        "acc_within_1h": 0.47929936305732485,
        "acc_within_2h": 0.678343949044586
      },
      "random_forest": {
        "n": 628,
        "mae_h": 1.875185251235962,
        "rmse_h": 3.038825273513794,
        "me_h": 1.1163595914840698,
        "c_index": 0.761288716870346,
        "acc_within_1h": 0.6146496815286624,
        "acc_within_2h": 0.7738853503184714
      },
      "mean_const": {
        "n": 628,
        "mae_h": 7.948515892028809,
        "rmse_h": 8.22025203704834,
        "me_h": 7.948515892028809,
        "c_index": 0.5,
        "acc_within_1h": 0.0,
        "acc_within_2h": 0.0
      },
      "linear": {
        "n": 449,
        "mae_h": 1.8187540769577026,
        "rmse_h": 2.758920907974243,
        "me_h": -1.7159727811813354,
        "c_index": 0.5312897709195037,
        "acc_within_1h": 0.4922048997772829,
        "acc_within_2h": 0.7928730512249443
      },
      "exponential": {
        "n": 434,
        "mae_h": 1.868119239807129,
        "rmse_h": 2.776472568511963,
        "me_h": -1.6684280633926392,
        "c_index": 0.5223071274252084,
        "acc_within_1h": 0.5092165898617511,
        "acc_within_2h": 0.804147465437788
      },
      "google": {
        "n": 478,
        "mae_h": 1.76776123046875,
        "rmse_h": 2.720003843307495,
        "me_h": -1.7374482154846191,
        "c_index": 0.5277317263580783,
        "acc_within_1h": 0.49372384937238495,
        "acc_within_2h": 0.7949790794979079
      }
    },
    "battery_25_50": {
      "_label": "battery_25_50",
      "_n": 565,
      "tinyml": {
        "n": 565,
        "mae_h": 1.6122395992279053,
        "rmse_h": 2.112082004547119,
        "me_h": 1.2637559175491333,
        "c_index": 0.653781459863177,
        "acc_within_1h": 0.39646017699115044,
        "acc_within_2h": 0.7451327433628319
      },
      "random_forest": {
        "n": 565,
        "mae_h": 2.60506272315979,
        "rmse_h": 4.496978282928467,
        "me_h": 2.4564568996429443,
        "c_index": 0.6684616832988138,
        "acc_within_1h": 0.39823008849557523,
        "acc_within_2h": 0.6230088495575221
      },
      "mean_const": {
        "n": 565,
        "mae_h": 7.973922252655029,
        "rmse_h": 8.127835273742676,
        "me_h": 7.973922252655029,
        "c_index": 0.5,
        "acc_within_1h": 0.0,
        "acc_within_2h": 0.01415929203539823
      },
      "linear": {
        "n": 544,
        "mae_h": 0.9087907075881958,
        "rmse_h": 1.3615444898605347,
        "me_h": -0.3844022750854492,
        "c_index": 0.7995511049723757,
        "acc_within_1h": 0.6139705882352942,
        "acc_within_2h": 0.8897058823529411
      },
      "exponential": {
        "n": 533,
        "mae_h": 0.9810441732406616,
        "rmse_h": 1.6053751707077026,
        "me_h": -0.1861005574464798,
        "c_index": 0.7974403645135353,
        "acc_within_1h": 0.6566604127579737,
        "acc_within_2h": 0.8761726078799249
      },
      "google": {
        "n": 565,
        "mae_h": 0.6689446568489075,
        "rmse_h": 1.0423004627227783,
        "me_h": -0.21033014357089996,
        "c_index": 0.8606477122952363,
        "acc_within_1h": 0.7646017699115044,
        "acc_within_2h": 0.9203539823008849
      }
    },
    "battery_50_75": {
      "_label": "battery_50_75",
      "_n": 791,
      "tinyml": {
        "n": 791,
        "mae_h": 6.063811302185059,
        "rmse_h": 11.859688758850098,
        "me_h": 0.15629228949546814,
        "c_index": 0.43808350269647456,
        "acc_within_1h": 0.18710493046776233,
        "acc_within_2h": 0.41466498103666244
      },
      "random_forest": {
        "n": 791,
        "mae_h": 4.673640251159668,
        "rmse_h": 10.014275550842285,
        "me_h": 0.142965629696846,
        "c_index": 0.5628222567171822,
        "acc_within_1h": 0.31352718078381797,
        "acc_within_2h": 0.4917825537294564
      },
      "mean_const": {
        "n": 791,
        "mae_h": 6.633605003356934,
        "rmse_h": 11.261999130249023,
        "me_h": 2.231377363204956,
        "c_index": 0.5,
        "acc_within_1h": 0.07711757269279393,
        "acc_within_2h": 0.09102402022756005
      },
      "linear": {
        "n": 666,
        "mae_h": 5.088172912597656,
        "rmse_h": 13.287679672241211,
        "me_h": -4.3387980461120605,
        "c_index": 0.6271873377136535,
        "acc_within_1h": 0.2927927927927928,
        "acc_within_2h": 0.53003003003003
      },
      "exponential": {
        "n": 641,
        "mae_h": 5.539292335510254,
        "rmse_h": 13.675222396850586,
        "me_h": -3.8345937728881836,
        "c_index": 0.6271060842433698,
        "acc_within_1h": 0.2698907956318253,
        "acc_within_2h": 0.49297971918876754
      },
      "google": {
        "n": 745,
        "mae_h": 5.50517463684082,
        "rmse_h": 12.68287467956543,
        "me_h": -3.539808988571167,
        "c_index": 0.6212546005628924,
        "acc_within_1h": 0.21476510067114093,
        "acc_within_2h": 0.4080536912751678
      }
    },
    "battery_75_100": {
      "_label": "battery_75_100",
      "_n": 1901,
      "tinyml": {
        "n": 1901,
        "mae_h": 6.51425838470459,
        "rmse_h": 10.22701644897461,
        "me_h": 1.6338871717453003,
        "c_index": 0.5170367396661038,
        "acc_within_1h": 0.1699105733824303,
        "acc_within_2h": 0.3061546554445029
      },
      "random_forest": {
        "n": 1901,
        "mae_h": 6.364866733551025,
        "rmse_h": 9.873091697692871,
        "me_h": 1.6915398836135864,
        "c_index": 0.5693142113569035,
        "acc_within_1h": 0.11835875854813256,
        "acc_within_2h": 0.2140978432403998
      },
      "mean_const": {
        "n": 1901,
        "mae_h": 6.14520263671875,
        "rmse_h": 9.96008014678955,
        "me_h": 1.224217414855957,
        "c_index": 0.5,
        "acc_within_1h": 0.16465018411362442,
        "acc_within_2h": 0.3640189374013677
      },
      "linear": {
        "n": 1339,
        "mae_h": 3.8379788398742676,
        "rmse_h": 8.366130828857422,
        "me_h": -2.436199903488159,
        "c_index": 0.7126388856329211,
        "acc_within_1h": 0.2621359223300971,
        "acc_within_2h": 0.38760268857356234
      },
      "exponential": {
        "n": 1303,
        "mae_h": 4.378614902496338,
        "rmse_h": 9.325129508972168,
        "me_h": -1.1039801836013794,
        "c_index": 0.7014452056167205,
        "acc_within_1h": 0.26477359938603223,
        "acc_within_2h": 0.4382194934765925
      },
      "google": {
        "n": 1470,
        "mae_h": 3.5322935581207275,
        "rmse_h": 7.765841484069824,
        "me_h": -2.605637311935425,
        "c_index": 0.729456384323641,
        "acc_within_1h": 0.24353741496598638,
        "acc_within_2h": 0.42857142857142855
      }
    }
  },
  "by_segment_length_vs_extrap": {
    "segment_under_2h": {
      "_label": "segment_under_2h",
      "_n": 2323,
      "tinyml": {
        "n": 2323,
        "mae_h": 6.7685675621032715,
        "rmse_h": 11.262535095214844,
        "me_h": -0.0227043554186821,
        "c_index": 0.5582311180224865,
        "acc_within_1h": 0.14636246233318984,
        "acc_within_2h": 0.2707705553164012
      },