{
  "_meta": {
    "test_n": 3885,
    "devices": [
      "pixel_7_pro",
      "pixel_8_pro",
      "pixel_9_pro_xl",
      "xiaomi_2107113sg"
    ],
    "_note": "vs_real = Hauptmetric im Paper (gemessene Restzeit). vs_extrap = gegen Trainings-Target, zirkulaerer Bias zugunsten TinyML/RF; nur zum Vergleich gegen Modell-Pfad."
  },
  "per_device": {
    "pixel_7_pro": {
      "n_test": 1825,
      "methods_vs_real": {
        "tinyml": {
          "coverage_pct": 100.0,
          "n": 1825,
          "mae_h": 5.30617618560791,
          "rmse_h": 6.8798136711120605,
          "me_h": 5.30617618560791,
          "c_index": 0.6860964912280701,
          "acc_within_1h": 0.06465753424657535,
          "acc_within_2h": 0.2958904109589041
        },
        "random_forest": {
          "coverage_pct": 100.0,
          "n": 1825,
          "mae_h": 4.9097981452941895,
          "rmse_h": 6.418920993804932,
          "me_h": 4.9097981452941895,
          "c_index": 0.6149363133862052,
          "acc_within_1h": 0.09205479452054795,
          "acc_within_2h": 0.3304109589041096
        },
        "mean_const": {
          "coverage_pct": 100.0,
          "n": 1825,
          "mae_h": 9.343278884887695,
          "rmse_h": 9.48865795135498,
          "me_h": 9.343278884887695,
          "c_index": 0.5,
          "acc_within_1h": 0.0,
          "acc_within_2h": 0.0
        },
        "linear": {
          "coverage_pct": 81.5,
          "n": 1487,
          "mae_h": 2.597449779510498,
          "rmse_h": 3.8201498985290527,
          "me_h": 2.384514093399048,
          "c_index": 0.6472673443509066,
          "acc_within_1h": 0.37794216543375925,
          "acc_within_2h": 0.5205110961667787
        },
        "exponential": {
          "coverage_pct": 79.1,
          "n": 1443,
          "mae_h": 3.1177525520324707,
          "rmse_h": 5.110589027404785,
          "me_h": 2.9823591709136963,
          "c_index": 0.6483732745868668,
          "acc_within_1h": 0.3367983367983368,
          "acc_within_2h": 0.5751905751905751
        },
        "google": {
          "coverage_pct": 89.4,
          "n": 1631,
          "mae_h": 2.2540032863616943,
          "rmse_h": 3.18819522857666,
          "me_h": 2.2252254486083984,
          "c_index": 0.6893478726965654,
          "acc_within_1h": 0.38503985285101167,
          "acc_within_2h": 0.6039239730226855
        }
      },
      "methods_vs_extrap": {
        "tinyml": {
          "coverage_pct": 100.0,
          "n": 1825,
          "mae_h": 2.5048322677612305,
          "rmse_h": 3.650937080383301,
          "me_h": 1.3561753034591675,
          "c_index": 0.7537515020427782,
          "acc_within_1h": 0.3232876712328767,
          "acc_within_2h": 0.6038356164383561
        },
        "random_forest": {
          "coverage_pct": 100.0,
          "n": 1825,
          "mae_h": 2.03751277923584,
          "rmse_h": 2.8927173614501953,
          "me_h": 0.9597980380058289,
          "c_index": 0.8072404470079307,
          "acc_within_1h": 0.4213698630136986,
          "acc_within_2h": 0.6263013698630137
        },
        "mean_const": {
          "coverage_pct": 100.0,
          "n": 1825,
          "mae_h": 5.393458843231201,
          "rmse_h": 6.279350280761719,
          "me_h": 5.393279075622559,
          "c_index": 0.5,
          "acc_within_1h": 0.1232876712328767,
          "acc_within_2h": 0.2273972602739726
        },
        "linear": {
          "coverage_pct": 81.5,
          "n": 1487,
          "mae_h": 2.050119638442993,
          "rmse_h": 2.7758946418762207,
          "me_h": -1.397277593612671,
          "c_index": 0.7924131164574812,
          "acc_within_1h": 0.3389374579690652,
          "acc_within_2h": 0.5817081371889711
        },
        "exponential": {
          "coverage_pct": 79.1,
          "n": 1443,
          "mae_h": 2.2648866176605225,
          "rmse_h": 3.458879232406616,
          "me_h": -0.7784131169319153,
          "c_index": 0.7910660580563493,
          "acc_within_1h": 0.39293139293139295,
          "acc_within_2h": 0.6042966042966043
        },
        "google": {
          "coverage_pct": 89.4,
          "n": 1631,
          "mae_h": 1.8879820108413696,
          "rmse_h": 2.458069324493408,
          "me_h": -1.7256267070770264,
          "c_index": 0.8531744986891252,
          "acc_within_1h": 0.34150827713059473,
          "acc_within_2h": 0.6161863887185776
        }
      }
    },
    "pixel_8_pro": {
      "n_test": 98,
      "methods_vs_real": {
        "tinyml": {
          "coverage_pct": 100.0,
          "n": 98,
          "mae_h": 9.58881950378418,
          "rmse_h": 11.03752613067627,
          "me_h": 9.58881950378418,
          "c_index": 0.2859246791500105,
          "acc_within_1h": 0.0,
          "acc_within_2h": 0.0
        },
        "random_forest": {
          "coverage_pct": 100.0,
          "n": 98,
          "mae_h": 9.218829154968262,
          "rmse_h": 9.515878677368164,
          "me_h": 9.218829154968262,
          "c_index": 0.43256890385019986,
          "acc_within_1h": 0.0,
          "acc_within_2h": 0.0
        },
        "mean_const": {
          "coverage_pct": 100.0,
          "n": 98,
          "mae_h": 10.852783203125,
          "rmse_h": 10.854693412780762,
          "me_h": 10.852783203125,
          "c_index": 0.5,
          "acc_within_1h": 0.0,
          "acc_within_2h": 0.0
        },
        "linear": {
          "coverage_pct": 85.7,
          "n": 84,
          "mae_h": 5.7638115882873535,
          "rmse_h": 6.184646129608154,
          "me_h": 5.7638115882873535,
          "c_index": 0.39558232931726905,
          "acc_within_1h": 0.0,
          "acc_within_2h": 0.0
        },
        "exponential": {
          "coverage_pct": 81.6,
          "n": 80,
          "mae_h": 6.670031547546387,
          "rmse_h": 7.730346202850342,
          "me_h": 6.670031547546387,
          "c_index": 0.3865506329113924,
          "acc_within_1h": 0.0,
          "acc_within_2h": 0.0125
        },
        "google": {
          "coverage_pct": 100.0,
          "n": 98,
          "mae_h": 17.273080825805664,
          "rmse_h": 17.49251365661621,
          "me_h": 17.273080825805664,
          "c_index": 0.5542815064169998,
          "acc_within_1h": 0.0,
          "acc_within_2h": 0.0
        }
      },
      "methods_vs_extrap": {
        "tinyml": {
          "coverage_pct": 100.0,
          "n": 98,
          "mae_h": 2.6684396266937256,
          "rmse_h": 3.7837438583374023,
          "me_h": 2.2371463775634766,
          "c_index": 0.7418472543656638,
          "acc_within_1h": 0.4897959183673469,
          "acc_within_2h": 0.5714285714285714
        },
        "random_forest": {
          "coverage_pct": 100.0,
          "n": 98,
          "mae_h": 2.9441449642181396,
          "rmse_h": 3.2781476974487305,
          "me_h": 1.8671561479568481,
          "c_index": 0.8148537765621713,
          "acc_within_1h": 0.16326530612244897,
          "acc_within_2h": 0.22448979591836735
        },
        "mean_const": {
          "coverage_pct": 100.0,
          "n": 98,
          "mae_h": 4.579874515533447,
          "rmse_h": 4.639553546905518,
          "me_h": 3.5011096000671387,
          "c_index": 0.5,
          "acc_within_1h": 0.0,
          "acc_within_2h": 0.0
        },
        "linear": {
          "coverage_pct": 85.7,
          "n": 84,
          "mae_h": 1.3567243814468384,
          "rmse_h": 1.933115839958191,
          "me_h": -0.5230444669723511,
          "c_index": 0.6956397016637981,
          "acc_within_1h": 0.36904761904761907,
          "acc_within_2h": 0.8214285714285714
        },
        "exponential": {
          "coverage_pct": 81.6,
          "n": 80,
          "mae_h": 2.2784836292266846,
          "rmse_h": 3.5967111587524414,
          "me_h": 0.3831762671470642,
          "c_index": 0.652373417721519,
          "acc_within_1h": 0.3,
          "acc_within_2h": 0.7375
        },