{
  "_meta": {
    "test_n": 3885,
    "devices": [
      "pixel_7_pro",
      "pixel_8_pro",
      "pixel_9_pro_xl",
      "xiaomi_2107113sg"
    ],
    "target": "y_extrap (common evaluation target across all 6 methods)"
  },
  "per_device": {
    "pixel_7_pro": {
      "n_test": 1825,
      "methods": {
        "tinyml": {
          "coverage_pct": 100.0,
          "n": 1825,
          "mae_h": 2.282399892807007,
          "rmse_h": 3.6881299018859863,
          "me_h": 1.035395860671997,
          "c_index": 0.7864942321557318,
          "acc_within_1h": 0.4284931506849315,
          "acc_within_2h": 0.7287671232876712
        },
        "random_forest": {
          "coverage_pct": 100.0,
          "n": 1825,
          "mae_h": 2.0780627727508545,
          "rmse_h": 3.001584768295288,
          "me_h": 0.909130334854126,
          "c_index": 0.8039906272530641,
          "acc_within_1h": 0.4252054794520548,
          "acc_within_2h": 0.5994520547945206
        },
        "mean_const": {
          "coverage_pct": 100.0,
          "n": 1825,
          "mae_h": 5.393458843231201,
          "rmse_h": 6.279350280761719,
          "me_h": 5.393279075622559,
          "c_index": 0.5,
          "acc_within_1h": 0.1232876712328767,
          "acc_within_2h": 0.2273972602739726
        },
        "linear": {
          "coverage_pct": 81.5,
          "n": 1487,
          "mae_h": 2.050119638442993,
          "rmse_h": 2.7758946418762207,
          "me_h": -1.397277593612671,
          "c_index": 0.7924131164574812,
          "acc_within_1h": 0.3389374579690652,
          "acc_within_2h": 0.5817081371889711
        },
        "exponential": {
          "coverage_pct": 79.1,
          "n": 1443,
          "mae_h": 2.268562078475952,
          "rmse_h": 3.45984148979187,
          "me_h": -0.777794361114502,
          "c_index": 0.791133339677029,
          "acc_within_1h": 0.39223839223839224,
          "acc_within_2h": 0.6022176022176022
        },
        "google": {
          "coverage_pct": 89.4,
          "n": 1631,
          "mae_h": 1.8879820108413696,
          "rmse_h": 2.458069324493408,
          "me_h": -1.7256267070770264,
          "c_index": 0.8531744986891252,
          "acc_within_1h": 0.34150827713059473,
          "acc_within_2h": 0.6161863887185776
        }
      }
    },
    "pixel_8_pro": {
      "n_test": 98,
      "methods": {
        "tinyml": {
          "coverage_pct": 100.0,
          "n": 98,
          "mae_h": 2.9253628253936768,
          "rmse_h": 4.066437244415283,
          "me_h": 2.2545688152313232,
          "c_index": 0.7136545339785398,
          "acc_within_1h": 0.45918367346938777,
          "acc_within_2h": 0.5816326530612245
        },
        "random_forest": {
          "coverage_pct": 100.0,
          "n": 98,
          "mae_h": 3.015477180480957,
          "rmse_h": 3.355206251144409,
          "me_h": 2.102304220199585,
          "c_index": 0.8007574163686093,
          "acc_within_1h": 0.15306122448979592,
          "acc_within_2h": 0.24489795918367346
        },
        "mean_const": {
          "coverage_pct": 100.0,
          "n": 98,
          "mae_h": 4.579874515533447,
          "rmse_h": 4.639553546905518,
          "me_h": 3.5011096000671387,
          "c_index": 0.5,
          "acc_within_1h": 0.0,
          "acc_within_2h": 0.0
        },
        "linear": {
          "coverage_pct": 85.7,
          "n": 84,
          "mae_h": 1.3567243814468384,
          "rmse_h": 1.933115839958191,
          "me_h": -0.5230444669723511,
          "c_index": 0.6956397016637981,
          "acc_within_1h": 0.36904761904761907,
          "acc_within_2h": 0.8214285714285714
        },
        "exponential": {
          "coverage_pct": 81.6,
          "n": 80,
          "mae_h": 2.28171706199646,
          "rmse_h": 3.5999767780303955,
          "me_h": 0.3869127333164215,
          "c_index": 0.652373417721519,
          "acc_within_1h": 0.3,
          "acc_within_2h": 0.7375
        },
        "google": {
          "coverage_pct": 100.0,
          "n": 98,
          "mae_h": 9.921407699584961,
          "rmse_h": 10.415679931640625,
          "me_h": 9.921407699584961,
          "c_index": 0.9214180517567852,
          "acc_within_1h": 0.0,
          "acc_within_2h": 0.0
        }
      }
    },
    "pixel_9_pro_xl": {
      "n_test": 614,
      "methods": {
        "tinyml": {
          "coverage_pct": 100.0,
          "n": 614,
          "mae_h": 2.33662486076355,
          "rmse_h": 2.7430520057678223,
          "me_h": 0.45998528599739075,
          "c_index": 0.599130670435887,
          "acc_within_1h": 0.18892508143322476,
          "acc_within_2h": 0.4495114006514658
        },
        "random_forest": {
          "coverage_pct": 100.0,
          "n": 614,
          "mae_h": 1.7117044925689697,
          "rmse_h": 2.094902753829956,
          "me_h": 1.3426645994186401,
          "c_index": 0.7585484959429516,
          "acc_within_1h": 0.3517915309446254,
          "acc_within_2h": 0.6237785016286646
        },
        "mean_const": {
          "coverage_pct": 100.0,
          "n": 614,
          "mae_h": 3.3316116333007812,
          "rmse_h": 4.215916156768799,
          "me_h": 3.2560720443725586,
          "c_index": 0.5,
          "acc_within_1h": 0.2280130293159609,
          "acc_within_2h": 0.4153094462540717
        },
        "linear": {
          "coverage_pct": 83.2,
          "n": 511,
          "mae_h": 2.536257266998291,
          "rmse_h": 3.445452928543091,
          "me_h": -1.0494942665100098,
          "c_index": 0.7301638463604619,
          "acc_within_1h": 0.3405088062622309,
          "acc_within_2h": 0.4794520547945205
        },
        "exponential": {
          "coverage_pct": 77.2,
          "n": 474,
          "mae_h": 3.513624429702759,
          "rmse_h": 5.930749893188477,
          "me_h": 0.18639956414699554,
          "c_index": 0.6991195439826585,
          "acc_within_1h": 0.18354430379746836,
          "acc_within_2h": 0.4936708860759494
        },
        "google": {
          "coverage_pct": 100.0,
          "n": 614,
          "mae_h": 2.529688835144043,
          "rmse_h": 3.2641854286193848,
          "me_h": -2.521411180496216,
          "c_index": 0.6768814661700081,
          "acc_within_1h": 0.3811074918566775,
          "acc_within_2h": 0.504885993485342
        }
      }
    },
    "xiaomi_2107113sg": {
      "n_test": 1348,
      "methods": {
        "tinyml": {
          "coverage_pct": 100.0,
          "n": 1348,
          "mae_h": 9.949392318725586,
          "rmse_h": 14.565319061279297,
          "me_h": 0.6300101280212402,
          "c_index": 0.5931578912585171,
          "acc_within_1h": 0.039317507418397624,
          "acc_within_2h": 0.06973293768545995
        },
        "random_forest": {
          "coverage_pct": 100.0,
          "n": 1348,
          "mae_h": 9.8716402053833,
          "rmse_h": 13.931171417236328,
          "me_h": 2.023805618286133,
          "c_index": 0.6307422362916604,
          "acc_within_1h": 0.05712166172106825,
          "acc_within_2h": 0.09866468842729971
        },
        "mean_const": {
          "coverage_pct": 100.0,
          "n": 1348,
          "mae_h": 10.451519012451172,
          "rmse_h": 14.506916046142578,
          "me_h": 1.0416325330734253,
          "c_index": 0.5,
          "acc_within_1h": 0.0066765578635014835,
          "acc_within_2h": 0.07566765578635015
        },
        "linear": {
          "coverage_pct": 68.0,
          "n": 916,
          "mae_h": 5.873645305633545,
          "rmse_h": 14.698494911193848,
          "me_h": -4.883535861968994,
          "c_index": 0.724012694776529,
          "acc_within_1h": 0.4279475982532751,