{
  "_meta": {
    "n_common": 2827,
    "target": "y_extrap",
    "n_perm": 1000
  },
  "c_index_pairs": {
    "tinyml__vs__random_forest": {
      "n": 2827,
      "metric_a": 0.6659702179293743,
      "metric_b": 0.6856535315233176,
      "delta_obs": -0.019683313593943375,
      "p_value": 0.004975124378109453,
      "n_perm": 200
    },
    "tinyml__vs__mean_const": {
      "n": 2827,
      "metric_a": 0.6659702179293743,
      "metric_b": 0.5,
      "delta_obs": 0.16597021792937428,
      "p_value": 0.004975124378109453,
      "n_perm": 200
    },
    "tinyml__vs__linear": {
      "n": 2827,
      "metric_a": 0.6659702179293743,
      "metric_b": 0.7757789298471843,
      "delta_obs": -0.10980871191781005,
      "p_value": 0.004975124378109453,
      "n_perm": 200
    },
    "tinyml__vs__exponential": {
      "n": 2827,
      "metric_a": 0.6659702179293743,
      "metric_b": 0.7729712300581467,
      "delta_obs": -0.10700101212877244,
      "p_value": 0.004975124378109453,
      "n_perm": 200
    },
    "tinyml__vs__google": {
      "n": 2827,
      "metric_a": 0.6659702179293743,
      "metric_b": 0.7769531544346285,
      "delta_obs": -0.11098293650525426,
      "p_value": 0.004975124378109453,
      "n_perm": 200
    },
    "random_forest__vs__mean_const": {
      "n": 2827,
      "metric_a": 0.6856535315233176,
      "metric_b": 0.5,
      "delta_obs": 0.18565353152331765,
      "p_value": 0.004975124378109453,
      "n_perm": 200
    },
    "random_forest__vs__linear": {
      "n": 2827,
      "metric_a": 0.6856535315233176,
      "metric_b": 0.7757789298471843,
      "delta_obs": -0.09012539832386668,
      "p_value": 0.004975124378109453,
      "n_perm": 200
    },
    "random_forest__vs__exponential": {
      "n": 2827,
      "metric_a": 0.6856535315233176,
      "metric_b": 0.7729712300581467,
      "delta_obs": -0.08731769853482907,
      "p_value": 0.004975124378109453,
      "n_perm": 200
    },
    "random_forest__vs__google": {
      "n": 2827,
      "metric_a": 0.6856535315233176,
      "metric_b": 0.7769531544346285,
      "delta_obs": -0.09129962291131088,
      "p_value": 0.004975124378109453,
      "n_perm": 200
    },
    "mean_const__vs__linear": {
      "n": 2827,
      "metric_a": 0.5,
      "metric_b": 0.7757789298471843,
      "delta_obs": -0.27577892984718433,
      "p_value": 0.004975124378109453,
      "n_perm": 200
    },
    "mean_const__vs__exponential": {
      "n": 2827,
      "metric_a": 0.5,
      "metric_b": 0.7729712300581467,
      "delta_obs": -0.2729712300581467,
      "p_value": 0.004975124378109453,
      "n_perm": 200
    },
    "mean_const__vs__google": {
      "n": 2827,
      "metric_a": 0.5,
      "metric_b": 0.7769531544346285,
      "delta_obs": -0.27695315443462853,
      "p_value": 0.004975124378109453,
      "n_perm": 200
    },
    "linear__vs__exponential": {
      "n": 2827,
      "metric_a": 0.7757789298471843,
      "metric_b": 0.7729712300581467,
      "delta_obs": 0.00280769978903761,
      "p_value": 0.3034825870646766,
      "n_perm": 200
    },
    "linear__vs__google": {
      "n": 2827,
      "metric_a": 0.7757789298471843,
      "metric_b": 0.7769531544346285,
      "delta_obs": -0.0011742245874442059,
      "p_value": 0.8308457711442786,
      "n_perm": 200
    },
    "exponential__vs__google": {
      "n": 2827,
      "metric_a": 0.7729712300581467,
      "metric_b": 0.7769531544346285,
      "delta_obs": -0.003981924376481816,
      "p_value": 0.36318407960199006,
      "n_perm": 200
    }
  },
  "mae_pairs": {
    "tinyml__vs__random_forest": {
      "n": 2827,
      "metric_a": 4.276885509490967,
      "metric_b": 4.008665561676025,
      "delta_obs": 0.2682199478149414,
      "p_value": 0.000999000999000999,
      "n_perm": 1000
    },
    "tinyml__vs__mean_const": {
      "n": 2827,
      "metric_a": 4.276885509490967,
      "metric_b": 6.510370254516602,
      "delta_obs": -2.2334847450256348,
      "p_value": 0.000999000999000999,
      "n_perm": 1000
    },
    "tinyml__vs__linear": {
      "n": 2827,
      "metric_a": 4.276885509490967,
      "metric_b": 3.214871406555176,
      "delta_obs": 1.062014102935791,
      "p_value": 0.000999000999000999,
      "n_perm": 1000
    },
    "tinyml__vs__exponential": {
      "n": 2827,
      "metric_a": 4.276885509490967,
      "metric_b": 3.487422227859497,
      "delta_obs": 0.7894632816314697,
      "p_value": 0.000999000999000999,
      "n_perm": 1000
    },
    "tinyml__vs__google": {
      "n": 2827,
      "metric_a": 4.276885509490967,
      "metric_b": 3.243917465209961,
      "delta_obs": 1.0329680442810059,
      "p_value": 0.000999000999000999,
      "n_perm": 1000
    },
    "random_forest__vs__mean_const": {
      "n": 2827,
      "metric_a": 4.008665561676025,
      "metric_b": 6.510370254516602,
      "delta_obs": -2.501704692840576,
      "p_value": 0.000999000999000999,
      "n_perm": 1000
    },
    "random_forest__vs__linear": {
      "n": 2827,
      "metric_a": 4.008665561676025,
      "metric_b": 3.214871406555176,
      "delta_obs": 0.7937941551208496,
      "p_value": 0.000999000999000999,
      "n_perm": 1000
    },
    "random_forest__vs__exponential": {
      "n": 2827,
      "metric_a": 4.008665561676025,
      "metric_b": 3.487422227859497,
      "delta_obs": 0.5212433338165283,
      "p_value": 0.000999000999000999,
      "n_perm": 1000
    },
    "random_forest__vs__google": {
      "n": 2827,
      "metric_a": 4.008665561676025,
      "metric_b": 3.243917465209961,
      "delta_obs": 0.7647480964660645,
      "p_value": 0.000999000999000999,
      "n_perm": 1000
    },
    "mean_const__vs__linear": {
      "n": 2827,
      "metric_a": 6.510370254516602,
      "metric_b": 3.214871406555176,
      "delta_obs": 3.295498847961426,
      "p_value": 0.000999000999000999,
      "n_perm": 1000
    },
    "mean_const__vs__exponential": {
      "n": 2827,
      "metric_a": 6.510370254516602,
      "metric_b": 3.487422227859497,
      "delta_obs": 3.0229480266571045,
      "p_value": 0.000999000999000999,
      "n_perm": 1000
    },
    "mean_const__vs__google": {
      "n": 2827,
      "metric_a": 6.510370254516602,
      "metric_b": 3.243917465209961,
      "delta_obs": 3.2664527893066406,
      "p_value": 0.000999000999000999,
      "n_perm": 1000
    },
    "linear__vs__exponential": {
      "n": 2827,
      "metric_a": 3.214871406555176,
      "metric_b": 3.487422227859497,
      "delta_obs": -0.2725508213043213,
      "p_value": 0.000999000999000999,
      "n_perm": 1000
    },
    "linear__vs__google": {
      "n": 2827,
      "metric_a": 3.214871406555176,
      "metric_b": 3.243917465209961,
      "delta_obs": -0.029046058654785156,
      "p_value": 0.5494505494505495,
      "n_perm": 1000
    },
    "exponential__vs__google": {
      "n": 2827,
      "metric_a": 3.487422227859497,
      "metric_b": 3.243917465209961,
      "delta_obs": 0.24350476264953613,
      "p_value": 0.000999000999000999,
      "n_perm": 1000
    }
  }
}