{
  "mae": 0.530806839466095,
  "rmse": 1.0379689133606793,
  "r2": 0.8261717557907104,
  "accuracy_1h": 88.39184597961494,
  "accuracy_2h": 95.18686296715741
}