{
  "params": 5697,
  "train_loss_final": 68.68345642089844,
  "val_loss_final": 217.30758666992188,
  "train_mae_final_h": 4.5792317390441895,
  "val_mae_final_h": 9.619102478027344,
  "epochs_run": 21
}